Season,ADP,WindSpd,ABP,Height,WindDir
Spring,-11.98,8.36,1029.94,95.5,1
Spring,-11.97,11.3,1030.48,192,2
Spring,-12.79,12.21,1031.13,146.29,3
Spring,-13.26,9.8,1031.91,174.18,2
Spring,-13.74,16.1,1032.4,178.67,2
Spring,-14.28,13.83,1033.01,122.75,3
Spring,-14.16,16.23,1033.53,190.57,1
Spring,-13.98,11.42,1034.22,145.5,1
Spring,-13.67,12.37,1034.44,118.57,3
Spring,-13.28,13.7,1034.28,87,3
Spring,-13.26,8.7,1034.58,142.33,3
Spring,-12.75,8.58,1035.03,NA,1
Spring,-16.29,14.1,1035.61,53.8,1
Spring,-16.06,15.97,1035.91,281.33,1
Spring,-16.21,14.5,1036.28,120.56,1
Spring,-15.93,15.97,1036.18,540.5,1
Spring,-16.36,14.9,1036.65,NA,1
Spring,-16.12,14.23,1036.54,300.67,1
Spring,-16.17,14.1,1036.76,225.67,1
Spring,-16.18,19.03,1036.86,NA,1
Spring,-16.29,15.16,1036.91,NA,3
Spring,-15.99,11.43,1036.87,NA,3
Spring,-15.81,6.55,1037.24,230,2
Spring,-15.72,7.63,1037.48,598,2
Spring,-10.65,6,1038.9,149.67,1
Spring,-10.65,3.73,1039.49,372,2
Spring,-10.67,3.33,1039.73,347.46,2
Spring,-10.63,3.47,1039.99,379.93,3
Spring,-10.73,3.2,1040.19,389.54,2
Spring,-10.83,0.8,1040.34,359.52,2
Spring,-11.01,0.67,1040.36,382.91,3
Spring,-11.24,0.27,1040.29,346.11,2
Spring,-11.22,0.53,1040,335.36,3
Spring,-11.27,1.2,1040.01,353.6,3
Spring,-11.13,1.33,1040,350.57,3
Spring,-10.98,3.07,1039.81,306.7,3
Spring,-0.94,16.9,1035.26,NA,1
Spring,-0.58,15.17,1034.48,NA,1
Spring,-0.1,17.57,1033.66,NA,1
Spring,0.34,14.77,1032.76,185.95,3
Spring,1.19,7.23,1032.09,210.23,3
Spring,0.95,3.47,1031.27,198.54,1
Spring,1.97,9.11,1030.01,181.93,3
Spring,3.3,10.07,1028.6,182.85,3
Spring,3.13,10.61,1027.37,193.59,3
Spring,1.93,10.73,1026.72,215.39,1
Spring,2.26,21.45,1026.03,238.86,1
Spring,2.88,22.23,1025.25,301.43,1
Spring,-5.13,6.11,1018.45,101.09,1
Spring,-4.95,6.82,1019.12,193.09,1
Spring,-4.93,7.9,1019.26,224.68,3
Spring,-4.72,5.67,1019.86,200.58,3
Spring,-4.27,6.07,1020.03,200.71,1
Spring,-4.63,9.09,1019.71,192.8,3
Spring,-5.89,8.55,1019.72,177.72,3
Spring,-6.88,12.97,1019.33,242.75,1
Spring,-7.3,15.91,1018.76,201.47,1
Spring,-7.54,18.34,1019.02,143.56,1
Spring,-8.33,20.45,1019.14,317,1
Spring,-8.64,21.76,1019.59,NA,3
Spring,-13.28,21.69,1028.59,89.2,1
Spring,-12.64,20.29,1029.72,173.97,1
Spring,-12.3,20.58,1030.57,214.89,1
Spring,-14.75,24.18,1031.35,NA,1
Spring,-15.6,21.82,1031.88,148,1
Spring,-14.98,20.75,1032.28,NA,1
Spring,-14.88,21.25,1032.29,138,1
Spring,-14.11,21.76,1032.49,391.67,1
Spring,-14.26,19.73,1032.81,253.33,1
Spring,-14.12,19.06,1033.11,1047,1
Spring,-13.72,18.74,1034,401,3
Spring,-13.43,18.42,1035.03,177.33,3
Spring,0.02,18.37,1021.16,149.47,1
Spring,-0.6,20.26,1020.85,162.64,1
Spring,-2.95,20.75,1020.51,162.1,3
Spring,-4.36,13.97,1020.72,199.05,3
Spring,-5.11,14.58,1020.96,160.57,3
Spring,-5.32,11.96,1021.53,164.25,3
Spring,-6.49,9.77,1032.48,134.5,1
Spring,-7.15,4.93,1033.16,240.19,1
Spring,-7.88,2.51,1033.71,414.01,2
Spring,-8.99,0.43,1033.59,383.42,3
Spring,-8.8,3.6,1033.74,328.56,1
Spring,-9.16,7.12,1033.86,332.6,1
Spring,-5.78,5.44,1033.86,321.5,1
Spring,-3.63,3.36,1034,278.34,1
Spring,-2.89,4.16,1033.66,274.72,3
Spring,-2.43,8.53,1033.76,275.14,3
Spring,-1.99,8.53,1033.45,260.46,3
Spring,-2.11,7.46,1034.05,235.54,3
Spring,2.68,25.57,1024.43,182.86,1
Spring,2.32,26.68,1024.44,449.61,1
Spring,1.42,29.76,1024.02,338.52,1
Spring,1.23,30.28,1023.22,273.06,1
Spring,1.3,28.93,1022.57,283.66,1
Spring,1.54,23.26,1021.73,259.04,1
Spring,2.46,17.57,1021.12,218.68,3
Spring,2.4,18.47,1020.41,223.61,1
Spring,3.89,19.46,1019.63,200.39,3
Spring,5.43,19.83,1019.36,202.29,3
Spring,6.07,13.38,1019.57,216.4,3
Spring,7.35,13.01,1019.44,200.36,3
Spring,-8.21,18.64,1027.12,95,1
Spring,-8.01,14.1,1028.44,259.46,1
Spring,-7.69,10.43,1029.33,289.25,3
Spring,-7.58,11.7,1029.86,238.84,1
Spring,-8,16.45,1030.28,258.27,1
Spring,-7.98,14.63,1030.25,297.26,1
Spring,-7.35,12.52,1030,332.46,1
Spring,-6.31,19.68,1030.45,235.56,1
Spring,-5.28,18.29,1030.5,217.94,1
Spring,-5.56,18.63,1030.85,180.02,1
Spring,-5.3,16.74,1031.23,179.83,1
Spring,-5.17,4.05,1031.93,167.94,1
Spring,1.13,14.85,1032.9,NA,3
Spring,0.83,9.48,1033.7,471.85,3
Spring,0.64,3.85,1033.97,445.12,2
Spring,0.61,0.4,1034.52,410.41,3
Spring,0.58,1.23,1034.49,386.52,3
Spring,0.5,1.95,1034.59,392.68,3
Spring,0.6,2.29,1034.67,402.15,3
Spring,0.6,3.23,1034.83,389.17,3
Spring,0.46,2.96,1035.03,378.28,3
Spring,0.36,3.95,1035.48,349.25,1
Spring,-0.23,16.77,1030.11,385.89,1
Spring,1.9,12.25,1030.79,287.31,1
Spring,3.43,7.49,1030.99,283.11,1
Spring,4.59,4.03,1030.84,311.77,1
Spring,5.47,10.73,1030.54,308.79,1
Spring,6.35,14.29,1029.97,295.86,1
Spring,6.61,11.94,1029.56,257.25,1
Spring,6.3,6.53,1029.46,256.31,1
Spring,6.15,4.79,1029.45,225.4,3
Spring,5.32,1.31,1029.42,251.15,3
Spring,4.17,3.57,1029.92,220.5,3
Spring,3.4,5.2,1035.2,175.5,NA
Spring,3.4,8.85,1035.11,600.5,1
Spring,3.33,8.74,1034.88,NA,NA
Spring,3.18,9.58,1034.54,NA,1
Spring,3.05,11.09,1034.4,NA,3
Spring,2.76,10.47,1034.54,200,1
Spring,2.14,9.07,1034.89,92.5,1
Spring,-3.28,15.75,1034.53,184.84,2
Spring,-2.53,13.1,1034.39,315.4,3
Spring,-1.26,11.34,1034.2,112.67,1
Spring,-0.54,10.61,1034.04,343.5,1
Spring,-0.32,7.18,1034.11,NA,3
Spring,-0.08,4.03,1034.25,753,3
Spring,0.08,4.16,1033.81,NA,1
Spring,0.1,6.63,1033.4,NA,3
Spring,-0.01,4.32,1034.08,NA,3
Spring,-0.29,4.37,1034.1,42,1
Spring,-0.6,5.53,1034.39,44,1
Spring,8.27,10.18,1019.48,280.79,1
Spring,8.23,15.24,1020.16,404.71,1
Spring,8.57,20.07,1020.39,290.36,1
Spring,7.56,22.88,1020.78,231.42,1
Spring,4.81,23.8,1021.11,232.64,1
Spring,2.87,22.83,1021.41,249.24,1
Spring,2.85,22.42,1021.32,233.9,1
Spring,2.51,23.19,1021.27,236.09,1
Spring,2.69,8.32,1021.17,231.91,1
Spring,2.51,12.77,1020.79,241.86,1
Spring,-2.38,8.63,1029.38,291.52,1
Spring,-2.14,8.28,1029.77,332.98,1
Spring,-2.09,10.99,1029.89,400.65,1
Spring,-1.98,12.18,1030.02,332.02,1
Spring,-2.62,12.25,1030.01,329.05,1
Spring,-3.11,12.57,1030.14,279.4,1
Spring,-4.83,14.77,1030.04,205.98,1
Spring,-6.39,14.82,1029.95,198.78,1
Spring,-6.61,17.62,1030.06,158.85,1
Spring,-6.9,20.9,1030.2,178.29,1
Spring,-5.13,9.64,1038.2,306.69,1
Spring,-5.04,2.8,1038.68,254.04,1
Spring,-5.01,2.99,1039.16,268.45,1
Spring,-5.63,4.11,1039.6,291,1
Spring,-6.96,7.86,1039.71,212.29,1
Spring,10.26,11.32,1024.91,362.34,1
Spring,9.72,11.06,1024.74,293.28,1
Spring,9.4,9.1,1024.38,265.51,1
Spring,8.55,10.57,1024.07,261.07,1
Spring,7.8,8.41,1023.97,255.14,1
Spring,7.35,7.51,1024.03,245.58,1
Spring,-2.86,15.86,1027.22,235.1,1
Spring,-3.53,16.61,1027.36,200.46,1
Spring,-4.07,14.4,1027.74,210.89,1
Spring,-4.22,8.78,1028.49,228.94,1
Spring,-4.51,4.89,1029.26,241.54,3
Spring,-4.7,7.77,1029.58,241.64,1
Spring,-6.47,20.88,1023.95,NA,3
Spring,-6.53,21.79,1024.06,NA,3
Spring,-6.51,15.33,1024.22,217,2
Spring,-6.16,15.27,1024.07,NA,3
Spring,-6.01,9.39,1023.97,139.82,3
Spring,-5.94,9.71,1023.73,141.67,3
Spring,-5.71,14.53,1023.29,247.67,3
Spring,-5.57,13.3,1023.36,119.5,3
Spring,-5.32,17.11,1023.37,110.5,3
Spring,-5.35,21.11,1023.29,133.57,1
Spring,18.4,10.83,1023.54,288.72,3
Spring,18.27,11.59,1023.76,304.78,3
Spring,17.83,10.24,1023.17,274.92,3
Spring,17.64,8.58,1022.49,318.63,3
Spring,17.58,10.63,1021.6,345.2,3
Spring,17.52,8.25,1021.33,339.1,3
Spring,17.59,6.44,1021.17,362.76,3
Spring,17.4,7.17,1020.71,189.56,1
Spring,17.24,4.77,1019.44,235.94,1
Spring,17.28,7.5,1019.36,256.42,1
Spring,8.86,19.46,1020.1,307.47,1
Spring,7.74,15.73,1021.06,231.45,1
Spring,6.63,15.49,1021.27,185.53,3
Spring,5.75,20.86,1021.48,165.65,3
Spring,4.67,22.38,1021.58,200.97,1
Spring,3.92,21.72,1021.48,193.79,1
Spring,3.86,19.38,1021.88,182.1,1
Spring,3.91,20.64,1022.36,186.46,1
Spring,4.15,20.56,1023.05,171.6,1
Spring,2.69,11.23,1033.81,168.77,3
Spring,2.79,14.15,1034.59,192.23,1
Spring,2.75,12.22,1035.44,252.39,NA
Spring,2.8,12.37,1036.08,268.33,1
Spring,2.58,11.56,1036.39,300.29,3
Spring,2.51,11.08,1036.83,177.59,1
Spring,2.52,10.57,1037.37,244.43,NA
Spring,2.59,10.84,1037.8,198.44,NA
Spring,2.58,10.08,1038.13,71,3
Spring,-1.93,2,1035.83,234.26,3
Spring,-1.4,1.73,1036.03,269.5,3
Spring,-1.05,0.67,1036.03,189.59,1
Spring,2.13,5.9,1035.83,184.4,1
Spring,2.9,8.29,1035.8,187.62,1
Spring,3.03,6.27,1035.46,181.5,1
Spring,3.17,4.4,1034.81,192.8,1
Spring,2.78,6.4,1034.63,158.15,3
Spring,3.05,11.4,1034.65,142.28,1
Spring,3.43,16.1,1034.63,181.17,1
Spring,7.71,11.57,1030.64,225.52,1
Spring,7.18,15.03,1030.74,233.68,1
Spring,7.14,17.7,1031.03,252.76,1
Spring,7.03,17.43,1031.27,262.77,1
Spring,5.73,19.83,1030.87,228.36,1
Spring,5.53,15.17,1030.55,239.46,1
Spring,5.71,10.99,1029.93,235.93,3
Spring,6.13,9.67,1029.62,224.26,1
Spring,7.02,13.03,1029.52,221.45,3
Spring,8.33,15.57,1029.4,254.66,1
Spring,18.46,6.82,1028.09,187.86,1
Spring,18.46,5.07,1028.63,202.97,1
Spring,18.37,3.47,1028.73,190.7,1
Spring,18.31,6.3,1028.51,249.55,1
Spring,17.98,9.95,1028.32,290.99,1
Spring,17.64,13.03,1028.15,277.98,1
Spring,17.45,10.37,1027.88,272.77,1
Spring,17.59,7.34,1027.83,255.43,3
Spring,17.52,8.42,1027.69,248.31,1
Spring,17.43,3.73,1027.63,253.13,3
Spring,12.82,5.88,1027.73,NA,1
Spring,12.1,5.75,1027.33,410.18,1
Spring,12.01,5.6,1026.79,440.88,1
Spring,12.14,7.89,1026.41,552.44,1
Spring,11.78,1.73,1024.73,435.76,3
Spring,11.68,1.87,1024.1,368.11,3
Spring,11.8,1.73,1023.78,371.13,3
Spring,16.4,16.09,1017.64,226.18,1
Spring,14.47,17.44,1018.57,268.09,3
Spring,12.08,17.17,1018.89,337.08,1
Spring,9.79,19.83,1019.78,242.56,1
Spring,8.41,15.83,1020.57,243.8,3
Spring,7.58,14.63,1020.67,227.78,3
Spring,6.88,19.57,1020.08,213.85,1
Spring,6.14,22.37,1019.72,198.93,1
Spring,5.76,17.17,1019.87,212.29,1
Spring,5.69,16.77,1019.49,NA,2
Spring,2.03,11.3,1024.55,244.14,1
Spring,2.16,12.63,1025.27,150.42,3
Spring,2.22,13.83,1025.58,233.79,1
Spring,2.08,7.89,1025.88,202.67,3
Spring,1.02,8.98,1025.71,178.07,1
Spring,0.23,6.96,1025.51,131.24,3
Spring,0.21,7.2,1025.4,175.37,1
Spring,-0.38,8.16,1025.22,396.23,1
Spring,-0.64,10.49,1024.73,335.11,1
Spring,-1.23,8.83,1025.06,177.2,1
Spring,5.99,12.1,1022.25,204.46,1
Spring,6.35,8.73,1022.3,208.45,1
Spring,5.89,11.55,1021.77,210.19,1
Spring,5.43,14.1,1021.43,235.97,1
Spring,5.78,12.23,1021.42,274.51,1
Spring,5.96,10.77,1021.28,214.16,1
Spring,5.79,8.45,1021.11,197.33,1
Spring,5.74,8.72,1021.05,165.46,1
Spring,5.55,12.9,1021.28,197,1
Spring,5.39,16.37,1021.75,174,3
Spring,3,10.75,1027.09,238.86,1
Spring,2.44,12.1,1028.74,254.23,3
Spring,2.42,10.07,1029.99,196.41,3
Spring,1.73,15.7,1030.76,177.2,3
Spring,0.29,17.43,1031.55,142.05,3
Spring,-2.46,16.9,1032.34,158.31,1
Spring,-2.82,15.3,1033.23,194.04,3
Spring,-2.62,15.43,1034.45,161.24,1
Spring,-2.62,17.97,1035.08,185.55,1
Spring,-2.46,14.23,1035.85,NA,1
Spring,0.92,15.57,1036.97,537.29,1
Spring,1,13.17,1037.29,255.25,1
Spring,1.5,7.08,1037.72,216.73,1
Spring,2.02,7.33,1037.66,167.02,1
Spring,2.08,9.68,1037.43,150.78,1
Spring,2.46,12.23,1037.06,150.55,1
Spring,3.2,11.97,1037.18,148.38,1
Spring,3.74,11.42,1036.93,153.31,1
Spring,3.78,16.37,1036.76,196.7,1
Spring,3.91,17.83,1036.75,270.03,1
Spring,7.66,7.74,1033.33,227.46,1
Spring,7.33,9.26,1033.54,185.22,1
Spring,6.98,11.7,1033.15,198.48,1
Spring,8.21,13.42,1033.14,194.16,1
Spring,9.87,13.69,1032.86,209.17,1
Spring,10.53,12.23,1032.62,224.54,1
Spring,11.93,14.23,1032.51,229.44,1
Spring,12.73,10.77,1032.59,241.04,1
Spring,12.93,8.98,1032.54,359.11,1
Spring,14.87,23.03,1029.79,294.71,1
Spring,14.86,23.3,1030.13,350.03,1
Spring,14.96,23.3,1030.08,278.75,1
Spring,15.15,24.38,1029.83,257.94,1
Spring,15.02,25.18,1029.46,247.49,1
Spring,14.88,16.77,1029.69,302.64,1
Spring,14.83,13.43,1029.59,298.85,1
Spring,14.91,14.77,1029.53,311.9,1
Spring,14.86,10.35,1029.98,298,1
Spring,16.16,16.23,1028.57,301.67,1
Spring,17.29,15.97,1028.93,272.7,1
Spring,18.28,15.97,1028.98,292.71,1
Spring,18.1,19.7,1028.83,279.13,1
Spring,18.02,20.77,1028.35,277.65,1
Spring,17.6,23.17,1028.13,268.52,1
Spring,17.53,17.03,1028.08,278.92,1
Spring,17.4,16.9,1028,302.7,1
Spring,17.31,16.9,1028.18,228,1
Spring,17.68,7.08,1028.63,299.66,3
Spring,17.99,10.89,1028.82,287.11,3
Spring,18.51,14.77,1028.64,267.35,1
Spring,18.28,10.88,1028.34,282.25,3
Spring,18.11,10.21,1028.2,277.59,3
Spring,18.02,8.99,1028.2,279.41,3
Spring,18.09,12.37,1027.97,305.56,3
Spring,18.09,9.52,1028,278.13,3
Spring,18.09,9.13,1028.43,395,1
Spring,11.43,11.17,1031.89,266.22,1
Spring,11.88,10.35,1032.51,303.15,1
Spring,12.15,6.27,1032.88,340.81,1
Spring,11.89,10.49,1032.77,423.98,1
Spring,11.87,11.29,1032.94,426.2,1
Spring,11.76,11.41,1032.82,388.02,1
Spring,11.42,9.42,1032.87,367.81,3
Spring,11.29,3.73,1032.89,303.13,1
Spring,11.33,4.13,1033.34,136,1
Spring,15.4,16.63,1031.39,308.1,1
Spring,14.63,16.5,1031.67,344.58,1
Spring,14.39,16.1,1031.46,275.16,1
Spring,14.42,12.63,1031.07,299.25,1
Spring,14.88,14.1,1030.53,312.53,1
Spring,15.92,15.83,1030.26,276.25,1
Spring,16.15,17.43,1029.88,270.03,1
Spring,16.19,13.83,1029.88,326.23,1
Spring,16.23,10.73,1030.14,NA,1
Fall,13.1,3.73,1018.91,351.7,1
Fall,13.02,2.27,1019.16,364.77,1
Fall,13.23,2,1019.04,327.06,3
Fall,13.12,3.6,1019.09,282.04,3
Fall,13.16,2.53,1018.78,276.77,3
Fall,13.06,1.6,1018.63,284.35,1
Fall,13.24,1.33,1018.21,282.25,1
Fall,13.79,2.27,1018.01,249,3
Fall,14.09,2.27,1017.76,142.61,3
Fall,7.68,13.43,1028.53,373.83,1
Fall,8.27,8.71,1029.27,332.55,1
Fall,8.23,7.34,1029.88,343.55,1
Fall,8.64,8.03,1030.69,317.2,1
Fall,10.15,9.94,1031.38,271.21,1
Fall,10.23,9.27,1031.75,247.51,1
Fall,9.52,10.77,1032.35,239.48,1
Fall,9.23,10.88,1032.83,269.87,1
Fall,9.02,13.57,1032.92,270.98,1
Fall,8.59,13.17,1032.93,294.38,1
Fall,8.41,11.96,1033.23,309.91,1
Fall,8.59,8.3,1033.96,264.73,1
Fall,11.63,5.07,1034.52,426.07,1
Fall,12.76,3.07,1034.64,380.69,3
Fall,10.63,6.8,1034.82,355.92,1
Fall,10.63,7.2,1035.19,337.34,1
Fall,10.6,9,1035.52,329.66,1
Fall,11.16,9.39,1035.73,294.03,1
Fall,11.83,6.68,1035.95,267.62,3
Fall,11.86,5.6,1035.99,235.2,3
Fall,12.04,4.93,1035.74,269.03,3
Fall,12.29,4.8,1035.41,303.36,3
Fall,12.27,4.93,1035.38,278.38,3
Fall,12.19,5.73,1035.27,264.68,3
Fall,14.23,3.87,1032.84,339.65,3
Fall,13.68,4.93,1032.58,365.88,3
Fall,13.4,5.87,1032.54,346.36,3
Fall,14.03,7.33,1032.59,340.83,3
Fall,12.94,9.41,1032.57,382.64,1
Fall,13.53,6.68,1032.42,429.09,1
Fall,13.83,3.2,1032.36,332.32,2
Fall,14.6,4.8,1031.99,275.64,1
Fall,15.14,2.93,1031.95,311.97,1
Fall,14.38,6.93,1031.54,282.88,1
Fall,13.7,6,1031.24,246.81,1
Fall,12.83,5.87,1031.06,269.63,1
Fall,12.6,7.07,1026.88,363.49,3
Fall,13.04,4.67,1026.64,373.9,3
Fall,12.76,5.47,1026.81,315.65,3
Fall,13.68,2.67,1027,329.46,3
Fall,12.93,1.87,1026.98,287.93,3
Fall,12.87,1.47,1026.77,264.98,1
Fall,13.13,1.2,1026.54,259.08,1
Fall,12.62,2.8,1026.38,261.86,1
Fall,12.47,3.73,1025.91,277.8,3
Fall,13.13,3.07,1025.51,199.59,1
Fall,13.73,5.2,1025.14,201.56,3
Fall,14.1,4.93,1023.04,404.21,1
Fall,13.96,4.53,1022.93,364.55,3
Fall,14.25,4.8,1023.13,269.62,2
Fall,13.83,6.4,1023.63,293.9,3
Fall,13.81,6.68,1023.87,287.3,1
Fall,14.83,11.03,1023.88,340.49,1
Fall,15.05,14.77,1023.83,271.28,1
Fall,14.97,14.1,1023.45,298,1
Fall,14.68,11.93,1023.17,281.79,1
Fall,14.96,8.43,1023.13,281.85,3
Fall,15.05,4.4,1022.63,216.58,3
Fall,15.03,4.93,1022.34,336.6,1
Fall,17.83,8.85,1019.66,265.33,3
Fall,17.69,10.63,1019.38,309.45,3
Fall,17.33,12.77,1019.26,308.82,3
Fall,17.05,15.43,1019.37,296.27,1
Fall,17.05,16.5,1019.54,387.32,1
Fall,17.35,18.1,1019.98,285.32,1
Fall,17.32,18.5,1019.83,247.03,1
Fall,17.6,14.2,1019.42,294.15,3
Fall,17.89,6.83,1019.82,293.81,3
Fall,17.29,7.23,1019.79,384.63,3
Fall,15.99,12.63,1020.38,395.18,1
Fall,13.03,15.97,1021.04,325.15,1
Fall,8.38,4.93,1032.1,NA,3
Fall,8.74,2.93,1032.22,393.29,3
Fall,8.61,2.53,1032.6,325.88,3
Fall,9.16,4.13,1032.88,362,3
Fall,9.39,2.53,1033.33,315.3,1
Fall,9.28,3.07,1033.24,265.05,1
Fall,9.13,1.73,1033.35,280.77,1
Fall,9.14,6.93,1033.32,271.95,3
Fall,8.75,6.8,1033.19,307.63,3
Fall,7.79,6.13,1033.38,346.75,3
Fall,6.5,5.33,1033.43,NA,3
Fall,5.07,5.2,1033.63,275,1
Fall,10.98,1.07,1033.67,363.74,3
Fall,10.99,1.73,1034.02,304.61,3
Fall,10.62,1.6,1034.17,240.25,1
Fall,10.4,2.13,1034.23,217.78,1
Fall,9.88,2.93,1034.04,208.45,1
Fall,9.98,2.53,1034.07,211.67,3
Fall,9.9,2.93,1033.97,218.85,1
Fall,9.58,2.8,1033.79,217.14,1
Fall,9.34,3.2,1033.73,225.85,1
Fall,9.42,2.4,1033.78,241.09,1
Fall,9.28,2.53,1033.98,223.37,1
Fall,9.21,2.53,1034.26,228.31,1
Fall,5.55,1.73,1032.6,371.6,3
Fall,6.58,1.33,1033.19,403.16,3
Fall,7.95,1.2,1033.22,409.13,1
Fall,7.23,2,1033.18,373.33,1
Fall,6.68,1.6,1033.36,368.39,1
Fall,7.08,2.4,1033.59,340.41,3
Fall,7.97,2.93,1033.61,292.85,1
Fall,8.89,3.2,1033.46,307.77,1
Fall,9.36,2.8,1033.39,305.38,3
Fall,9.5,2.8,1033.34,278.41,1
Fall,9.7,3.73,1033.65,249.52,1
Fall,9.68,3.47,1034.08,219.39,1
Fall,12.35,1.87,1035,322.51,1
Fall,12.66,3.6,1035.28,336.46,3
Fall,12.77,6.13,1035.7,295.19,3
Fall,13.01,6,1036.07,303.92,3
Fall,12.94,5.73,1036.36,280.57,3
Fall,12.48,3.33,1036.45,286.2,3
Fall,12.14,3.07,1036.48,249.28,3
Fall,12.13,3.2,1036.15,255.92,3
Fall,12.27,3.6,1035.73,231,3
Fall,11.74,4.67,1035.63,202.09,3
Fall,12.3,5.07,1035.73,183.55,3
Fall,12.43,4.93,1036.03,165.17,3
Fall,10.52,3.73,1035.84,348.26,3
Fall,9.72,2.8,1036.21,328.59,3
Fall,9.22,2.13,1036.48,299.89,3
Fall,8.92,2.53,1036.83,327.91,3
Fall,8.91,2,1037,317.87,3
Fall,9.18,2.13,1037.22,326.61,3
Fall,9.38,2,1037.27,304.83,3
Fall,9.63,1.6,1037.08,312.81,3
Fall,10.72,2.8,1036.91,334.28,3
Fall,10.88,2.8,1036.88,347.65,3
Fall,10.9,2.67,1037.18,258.79,3
Fall,11.03,3.73,1037.78,247.4,3
Fall,10.4,5.33,1039.42,376.34,3
Fall,8.27,5.07,1039.76,399.55,3
Fall,9.11,5.47,1040.38,369.71,2
Fall,10.24,4.4,1040.59,330.05,3
Fall,10.07,2.13,1040.67,329.88,3
Fall,9.35,3.47,1040.41,340.04,3
Fall,9.36,4.53,1040.34,302.66,3
Fall,8.99,6,1040.05,295.85,3
Fall,8.56,6.13,1039.83,252.34,3
Fall,8.43,6.93,1039.81,286.08,3
Fall,8.38,7.48,1039.93,237.68,3
Fall,8.46,7.33,1040.1,168,3
Fall,17.16,6.4,1029.3,297.15,3
Fall,17.53,6.67,1029.44,280,3
Fall,17.68,7.75,1029.43,307.41,3
Fall,17.72,9.28,1029.17,290.85,3
Fall,18.28,7.89,1027.43,335.67,1
Fall,18.48,11.16,1027.16,369.73,3
Fall,18.31,8.58,1026.84,287,3
Fall,18.23,3.2,1026.77,296,3
Fall,13.27,17.03,1021.14,337.67,3
Fall,12.43,15.97,1021.9,276.35,1
Fall,11.88,18.5,1022.18,357.24,1
Fall,11.59,18.37,1022.7,440.45,1
Fall,11.25,16.63,1023.31,404.02,1
Fall,10.9,16.23,1023.75,419.27,1
Fall,10.57,14.9,1023.73,397.81,1
Fall,10.59,9.68,1024.45,412.26,3
Fall,10.44,14.37,1024.21,444.93,3
Fall,9.78,12.9,1024.73,466.44,1
Fall,9.32,13.57,1024.95,436.03,1
Fall,8.83,14.63,1025.61,397.94,3
Fall,9.7,13.7,1030.72,280.48,3
Fall,9.13,15.17,1030.98,272.54,3
Fall,8.32,14.5,1031.44,260.91,3
Fall,8.09,13.7,1031.58,268.22,3
Fall,7.98,13.17,1031.58,255.75,3
Fall,7.67,14.37,1031.33,263.05,3
Fall,6.84,15.83,1031.15,260.03,3
Fall,6.5,14.77,1031.33,268.37,3
Fall,6.15,16.23,1031.12,285.5,3
Fall,5.75,17.17,1031.17,367.47,1
Fall,5.6,11.43,1038.19,404.81,1
Fall,5.59,11.97,1037.95,415.12,1
Fall,5.73,12.63,1038.13,359.18,1
Fall,5.58,13.03,1038.19,338.55,1
Fall,5.58,12.1,1038.23,280.5,1
Fall,5.57,11.57,1037.91,244.67,3
Fall,5.55,11.43,1037.41,232.11,3
Fall,5.65,12.9,1037.08,225.3,3
Fall,5.64,12.37,1036.82,235.96,3
Fall,5.69,11.83,1036.94,239.95,3
Fall,5.58,12.63,1037.08,244.39,3
Fall,5.34,13.57,1037.23,314.03,1
Fall,7.37,2,1029.79,419.89,3
Fall,7.11,2.53,1029.71,405.95,3
Fall,7,1.33,1029.68,387.68,3
Fall,6.87,2.53,1029.6,364.25,3
Fall,6.76,1.07,1029.68,347.74,1
Fall,6.66,0.8,1029.2,323.3,3
Fall,6.64,1.07,1028.78,318.45,3
Fall,6.53,1.87,1028.53,336.39,1
Fall,6.63,4.53,1028.09,322.92,3
Fall,6.45,3.73,1027.75,327.5,1
Fall,6.53,5.74,1027.57,319.26,3
Fall,6.35,9.68,1027.38,308.92,1
Fall,12.02,11.43,1024.58,422.98,1
Fall,11.48,11.28,1024.68,399.39,1
Fall,10.83,11.3,1024.93,343.87,1
Fall,10.76,11.97,1024.68,314.76,1
Fall,10.66,8.86,1024.42,332.31,1
Fall,10.59,10.08,1024.24,361.59,1
Fall,10.44,12.1,1023.94,400.03,1
Fall,10.33,12.5,1024.16,354.5,1
Fall,10.31,9.66,1024.1,354.71,1
Fall,10.4,10.62,1023.99,338.42,1
Fall,10.43,9.66,1024.05,301.92,1
Fall,10.33,5.73,1024.31,292.81,1
Fall,10.35,7.61,1025.83,415.77,1
Fall,10.33,6.53,1026.36,381.99,1
Fall,10.62,6.93,1026.65,361.65,1
Fall,10.41,7.88,1026.94,366.42,1
Fall,10.53,7.88,1027.26,356.07,1
Fall,10.73,6.4,1027.21,359.85,3
Fall,10.6,6.8,1027.01,322.38,3
Fall,10.74,7.48,1027.1,310.24,1
Fall,10.45,8.17,1027.13,262.64,1
Fall,10.42,7.23,1027.27,222.81,1
Fall,10.33,5.6,1027.75,211.02,1
Fall,10.1,8.31,1028.06,189.56,1
Fall,10.97,9.13,1027.68,377.24,3
Fall,11.89,12.1,1027.97,320.32,3
Fall,12.14,12.1,1028.03,283.95,3
Fall,12.09,14.5,1027.78,293.84,3
Fall,11.85,15.03,1027.4,314.9,3
Fall,11.93,14.37,1026.93,348.92,1
Fall,11.8,14.37,1026.28,387.24,1
Fall,11.87,17.7,1025.67,368.67,1
Fall,12.14,19.97,1025.12,378.06,1
Fall,12.13,19.3,1024.63,286,1
Fall,11.95,16.1,1024.09,421.33,1
Fall,12.67,21.3,1023.67,215,1
Fall,14.74,13.3,1018.95,461.7,1
Fall,13.36,15.43,1019.54,364.15,1
Fall,12.35,15.83,1020.67,319.89,1
Fall,11.28,17.43,1021.6,286.39,1
Fall,9.71,15.97,1022.24,295.38,1
Fall,8.78,17.17,1023.15,269.69,1
Fall,6.79,20.5,1024.06,307.71,1
Fall,5.7,20.5,1024.48,276.6,1
Fall,4.93,21.17,1024.74,271.36,1
Fall,3.13,19.3,1025.58,320.37,1
Fall,3.15,15.97,1026.6,320.96,1
Fall,3.44,15.83,1027.19,269.57,1
Fall,3.23,3.2,1027.64,347.46,2
Fall,3.48,5.47,1027.64,339.17,2
Fall,4.52,4.81,1027.91,329.6,3
Fall,4.82,5.75,1027.9,320.28,3
Fall,5.32,6,1027.53,315.62,3
Fall,5.01,6.54,1026.89,279.44,3
Fall,4.63,4.13,1026.37,292.12,3
Fall,5.46,3.47,1026.27,307.92,3
Fall,5.78,3.2,1025.57,266.41,3
Fall,5.95,5.2,1024.94,294.79,1
Fall,5.95,4.8,1024.65,271.52,1
Fall,6.1,6.15,1025.28,296.6,1
Fall,7.08,13.97,1015.28,313.2,3
Fall,6.98,14.9,1014.98,313.49,3
Fall,6.56,18.77,1014.59,280.6,3
Fall,7.8,14.1,1014.19,337.62,1
Fall,7.84,15.83,1013.18,335.86,3
Fall,8.27,15.03,1012.65,266.36,3
Fall,9.1,17.17,1012.35,243.74,3
Fall,9.5,16.1,1011.48,318.4,1
Fall,10.15,17.3,1010.56,344.45,1
Fall,10.84,17.7,1010.38,235.6,1
Fall,10.75,16.77,1010.13,251.58,1
Fall,10.54,13.17,1009.84,188.38,1
Fall,10.67,16.1,1010.14,345.03,1
Fall,10.02,22.93,1010.68,286,1
Fall,9.61,17.7,1011.4,332.45,1
Fall,9.68,15.03,1012.01,306.93,1
Fall,9.17,17.03,1012.69,317.9,1
Fall,8.35,18.9,1012.95,363.98,1
Fall,7.89,19.83,1013.36,367.97,1
Fall,7.83,20.37,1013.58,379.76,1
Fall,7.75,20.37,1013.38,348.74,1
Fall,7.67,21.57,1013.65,324.53,1
Fall,7.7,18.63,1013.88,348.54,1
Fall,7.59,17.43,1014.35,361.33,1
Fall,7.58,13.03,1020.23,251.7,3
Fall,7.07,12.9,1020.57,239.44,1
Fall,6.63,10.88,1021,252.15,3
Fall,6.13,10.49,1020.98,235.36,3
Fall,5.65,8.98,1021.39,253.24,1
Fall,5.58,10.61,1021.71,237.52,1
Fall,5.38,7.2,1022.12,238.11,3
Fall,4.97,6.94,1022.37,260.62,3
Fall,4.73,9.94,1023.19,272.13,3
Fall,4.4,8.71,1023.76,277.85,3
Fall,4.25,13.3,1024.3,392.93,1
Fall,4.58,15.3,1024.34,424.5,1
Fall,4.77,14.22,1024.08,395.51,1
Fall,4.73,15.95,1023.89,346.07,1
Fall,4.89,9.93,1023.68,343.76,1
Fall,4.73,6.94,1023.46,247.18,1
Fall,4.88,15.03,1022.9,322.36,3
Fall,4.9,9.53,1022.35,337.63,1
Fall,4.85,4.67,1021.77,311.2,3
Fall,4.76,8.83,1021.57,211.94,1
Fall,4.79,20.9,1022.39,275.38,3
Fall,4.65,9.39,1026.68,256.95,1
Fall,4.27,9.52,1026.53,251.34,1
Fall,4.08,16.9,1026.43,315.33,1
Fall,4.11,21.43,1026.34,366.07,1
Fall,4.09,24.51,1026.15,359.5,1
Fall,3.87,21.7,1026.22,303.33,1
Fall,3.63,18.5,1026.43,263.04,1
Fall,3.43,17.7,1026.32,300.72,1
Fall,3.23,15.03,1026.57,343.91,3
Fall,3.08,16.63,1026.96,320.98,1
Fall,3.05,16.63,1027.5,302.04,1
Fall,1.98,18.63,1027.82,246.93,1
Fall,-5.77,12.37,1031.71,296.06,1
Fall,-5.68,9.83,1032.29,271.03,1
Fall,-5.62,11.3,1032.93,275.48,1
Fall,-5.53,11.83,1033.5,277.76,1
Fall,-5.46,9.96,1033.69,273.43,1
Fall,-5.36,8.29,1033.66,268.06,1
Fall,-5.22,9.13,1033.53,248.54,1
Fall,-4.97,9.81,1033.53,267.74,1
Fall,-4.77,10.75,1033.58,276.46,1
Fall,-4.82,10.63,1033.96,286.12,1
Fall,-4.68,10.49,1034.64,266.8,1
Fall,-4.36,12.63,1034.93,238.34,1
Fall,-0.42,15.57,1037.4,258.67,1
Fall,-0.28,17.7,1036.96,186.5,3
Fall,-0.35,24.12,1036.17,134,3
Fall,0.59,18.63,1035.76,276.71,3
Fall,0.88,14.23,1035,185,3
Fall,0.62,10.62,1034.35,220.33,1
Fall,0.65,9.53,1033.89,90,1
Fall,0.78,9.26,1033.69,452,1
Fall,0.86,13.54,1034.28,380.83,3
Fall,0.73,7.47,1033.95,160.86,1
Fall,0.87,5.2,1033.98,537,3
Fall,1.03,5.87,1033.99,109,3
Fall,7.65,15.3,1033.08,459.83,3
Fall,7.97,13.83,1033.04,366.34,3
Fall,8.28,13.96,1032.96,296.15,3
Fall,8.15,6.83,1032.95,335.54,3
Fall,7.08,8.58,1032.69,391.88,3
Fall,5.83,13.13,1031.81,336.13,3
Fall,6.71,6.28,1031.83,455.86,1
Fall,7.49,6.4,1031.28,225.75,1
Fall,7.88,6.54,1030.77,310.09,1
Fall,8.12,5.47,1030.43,274.2,1
Fall,8.33,16.23,1030.58,222.82,3
Fall,8.42,13.94,1030.59,176.17,3
Fall,10.78,7.08,1027.23,364.67,3
Fall,10.74,12.47,1027.19,349.03,1
Fall,10.8,17.83,1027.17,358.29,1
Fall,11.03,16.5,1027.48,330.21,1
Fall,9.73,17.43,1028.33,353.36,1
Fall,8.73,16.23,1028.68,306.3,1
Fall,6.7,14.77,1028.62,301.17,1
Fall,5.83,15.83,1028.98,228.46,1
Fall,5.27,13.43,1029.42,235.25,1
Fall,4,16.9,1029.43,310.14,1
Fall,3.48,15.97,1029.67,358.16,1
Fall,-2.3,6,1034.64,254.33,3
Fall,-1.97,4.8,1035.28,284.39,3
Fall,-0.91,5.2,1036,295.41,3
Fall,-0.97,5.2,1036.6,261.97,3
Fall,-1.19,6.67,1036.83,264.51,3
Fall,-1.8,7.9,1036.97,246.33,3
Fall,-2.27,5.87,1037.33,215.14,3
Fall,-2.31,6.4,1037.11,203.09,3
Fall,-2.33,7.07,1037.02,242.82,1
Fall,-2.33,6.53,1036.94,274.35,1
Fall,-2.19,5.33,1037.33,227.6,1
Fall,-2.28,2.8,1037.96,194.76,1
Fall,3.88,15.97,1031.63,351.83,3
Fall,3.2,17.83,1032.81,301.44,3
Fall,2.99,19.97,1033.23,261.53,3
Fall,2.9,22.23,1033.38,275.78,3
Fall,2.63,16.09,1033.63,314.04,3
Fall,2.57,11.16,1034.12,318.03,3
Fall,2.61,12.9,1034.75,335.24,3
Fall,2.65,14.23,1035.15,346.93,3
Fall,2.4,11.83,1035.78,353.99,3
Fall,2.13,8.45,1036.58,354.22,3
Fall,1.92,8.3,1037.44,357.14,3
Fall,1.83,10.07,1038.19,275.42,1
Fall,-1.37,0.27,1041.16,444.67,1
Fall,-1.44,0.53,1041.62,375.46,3
Fall,-1.6,2.8,1041.96,274.87,3
Fall,-1.58,1.6,1042.48,239.82,3
Fall,-0.77,2.53,1042.68,246.23,1
Fall,-0.37,2.8,1042.7,266,1
Fall,-0.25,4.93,1042.75,255.96,1
Fall,-0.88,4.93,1042.78,239.96,1
Fall,-1.19,4.67,1042.62,250.92,1
Fall,-0.83,5.2,1042.5,246,1
Fall,-0.93,4.67,1042.64,274.74,1
Fall,-1.29,4.13,1042.96,275.17,1
Fall,4.28,6,1041.76,371.78,1
Fall,4.11,5.47,1041.92,326.69,1
Fall,3.98,5.87,1041.9,297.08,1
Fall,4.26,8.15,1041.89,219.85,1
Fall,4.35,9.27,1041.48,177.91,1
Fall,4.56,8.43,1041.09,172.37,1
Fall,4.87,9.97,1040.48,161.33,1
Fall,5.08,11.17,1039.58,NA,1
Fall,5.49,12.63,1038.27,NA,1
Fall,5.94,13.57,1036.81,NA,1
Fall,2.92,5.73,1012.84,455.22,1
Fall,2.94,16.09,1013.22,380.86,1
Fall,2.13,27.23,1013.9,262.81,1
Fall,1.16,10.34,1014.7,283,1
Fall,0.67,7.08,1015.61,275.63,1
Fall,-0.03,6.94,1016.13,271.46,1
Fall,-0.34,6.13,1016.62,324.55,1
Fall,-0.32,6.67,1017.37,385.2,1
Fall,-0.37,6.8,1017.84,347.92,3
Fall,-0.32,6.8,1018.32,318.35,1
Fall,-0.35,7.76,1018.93,222.91,1
Fall,0.21,6,1019.38,222.96,1
Fall,-0.3,17.97,1027.53,363.3,3
Fall,-0.34,19.83,1028.03,357.03,3
Fall,-0.26,16.9,1029.16,294.64,3
Fall,-0.2,20.37,1029.61,293.58,3
Fall,-0.27,18.37,1029.01,331.77,3
Fall,-0.48,21.57,1029.02,356.69,3
Fall,-0.74,21.3,1029.43,338.6,3
Fall,-0.84,18.63,1029.82,348.53,3
Fall,-0.78,12.77,1030.65,287.55,3
Fall,-0.69,8.57,1031.43,291.55,3
Fall,-0.78,5.73,1032.13,332.51,3
Fall,-0.86,4.8,1032.67,309.4,3
Fall,2.19,9.66,1030.21,346.91,3
Fall,2.34,12.75,1029.45,225.78,1
Fall,2.14,13.03,1028.72,191.5,1
Fall,1.97,15.97,1028.23,224.8,1
Fall,1.96,13.43,1027.2,561.52,1
Fall,2.93,17.97,1027.2,230.9,3
Fall,3.55,18.9,1026.45,350.11,1
Fall,4.36,19.3,1025.61,230,3
Fall,4.34,20.37,1024.11,247.25,3
Fall,5.21,22.9,1023.48,46,3
Fall,5.7,21.3,1023.47,468,3
Fall,5.86,18.77,1022.94,265.5,3
Fall,7.03,6.4,1029.31,387.98,2
Fall,6.56,3.73,1029.44,446.19,2
Fall,6.44,5.2,1029.52,407.73,2
Fall,5.33,8.15,1029.53,381.49,3
Fall,6.04,4.93,1029.33,389.94,2
Fall,5.96,5.2,1029.27,401.09,2
Fall,5.88,6.67,1029.26,410.44,2
Fall,6.48,5.48,1029.3,383.1,2
Fall,6.19,8.32,1029.51,399.02,2
Fall,5.85,11.43,1030.03,398.13,3
Fall,5.69,12.1,1030.53,329.89,3
Fall,4.27,4.93,1033.16,384.41,3
Fall,4.38,5.33,1033.49,389.9,3
Fall,4.54,5.2,1033.8,315.62,3
Fall,4.98,6.54,1033.86,341.62,3
Fall,5.31,4.93,1033.9,358.85,3
Fall,5.62,1.33,1034.07,382.06,2
Fall,5.8,1.47,1034.3,381.56,2
Fall,5.71,2,1034.5,343,3
Fall,5.69,0.27,1034.76,299.63,3
Fall,5.73,0.27,1035.12,281.62,3
Fall,5.49,3.47,1035.31,270.05,1
Fall,5.82,7.07,1035.76,347.46,1
Fall,10.36,16.1,1034.99,252.62,1
Fall,10.48,13.57,1035.07,196.86,1
Fall,10.67,13.17,1035.12,233.4,1
Fall,10.91,10.77,1035.02,227.85,1
Fall,10.89,13.03,1034.72,252.27,1
Fall,10.96,13.7,1034.54,343.29,1
Fall,11.28,14.9,1034.28,254.45,1
Fall,11.26,13.03,1034,418.23,3
Fall,10.95,9.53,1033.68,258.8,3
Fall,10.92,8.3,1033.8,190.11,3
Fall,11.08,6.4,1033.95,276.47,1
Fall,11.25,10.07,1033.92,224.5,1
Fall,15.54,11.7,1030.31,823,1
Fall,15.62,12.9,1030.35,NA,3
Fall,15.62,13.17,1029.53,507.83,1
Fall,15.39,13.02,1029.18,709,3
Fall,14.93,13.43,1029.03,371.14,3
Fall,14.73,11.3,1028.68,608,3
Fall,14.41,11.43,1028,335.83,1
Fall,14.63,10.2,1027.53,46,3
Fall,15.06,14.37,1026.78,NA,3
Fall,15.44,19.86,1021.37,742,1
Fall,13.48,21.97,1021.73,527,3
Fall,12.79,20.37,1022.22,428.56,3
Fall,12.38,20.23,1022.25,452.63,3
Fall,11.93,20.23,1022.38,424,3
Fall,11.72,13.97,1022.33,421.38,3
Fall,10.41,19.83,1022.48,428.22,3
Fall,9.61,17.03,1022.52,414.62,3
Fall,9.43,13.69,1022.52,309.2,3
Fall,9.84,4.4,1023.03,328.12,3
Fall,9.61,8.72,1023.72,303.15,3
Fall,8.06,14.1,1024.35,223.64,3
Fall,1.74,14.63,1027.59,371.76,3
Fall,0.88,17.7,1028.07,397.04,3
Fall,0.15,16.23,1028.83,344.49,3
Fall,-0.01,16.5,1029.28,343.51,3
Fall,0.39,16.5,1030.28,382.9,3
Fall,0.48,15.97,1031.15,413.91,3
Fall,0.43,14.9,1031.88,416.17,3
Fall,0.53,13.57,1032.52,410.69,3
Fall,0.51,15.83,1032.92,399.15,3
Fall,0.38,14.1,1033.68,366.72,3
Fall,0.25,18.77,1034.28,361.52,3
Fall,0.13,13.43,1035.42,314.44,3
Fall,0.62,2.4,1037.55,269.2,1
Fall,0.48,2.53,1037.18,269.1,1
Fall,0.48,1.87,1036.88,247.13,1
Fall,0.03,1.73,1036.53,272.8,1
Fall,0.03,2.67,1035.77,236.94,1
Fall,-0.06,4.67,1035,205.22,1
Fall,0.48,6.13,1034.52,151.17,1
Fall,2.01,4.93,1033.63,134.65,1
Fall,2.68,6.82,1032.75,136.46,1
Fall,2.83,7.34,1032.07,138.3,1
Fall,2.93,7.76,1031.29,116.19,1
Fall,3.24,10.6,1030.6,101,1
Fall,8.88,7.9,1023.67,403.12,3
Fall,8.47,6,1023.98,386.71,3
Fall,8.42,7.74,1023.84,385.77,3
Fall,8.42,6.4,1023.71,387.29,3
Fall,8.1,2.8,1023.21,369.36,3
Fall,8.17,0.53,1023.14,334.33,3
Fall,7.8,2,1022.66,305.78,1
Fall,7.83,3.6,1022.63,313.34,1
Fall,8.16,7.89,1022.62,273.47,2
Fall,7.82,6.96,1022,188.73,1
Fall,7.68,10.21,1021.87,128,1
Fall,7.86,14.09,1021.57,NA,1
Fall,9.59,25.74,1009.95,672,1
Fall,7.84,25.07,1010.28,180,1
Fall,6.04,30.33,1010.74,160.33,1
Fall,5,28.15,1011.03,NA,1
Fall,5.03,27.89,1010.83,202.14,1
Fall,4.67,29.38,1011.01,188.75,3
Fall,4.47,29.66,1011.22,279.11,3
Fall,4.15,33.4,1011.34,178.44,3
Fall,4.03,29.26,1011.69,289.67,1
Fall,4.04,28.99,1012.03,262.3,1
Fall,3.62,26.53,1012.53,238.6,1
Fall,-2.62,29.53,1017.74,322.89,3
Fall,-4.08,32.07,1018.07,348.96,3
Fall,-4.17,28.31,1018.68,279.26,3
Fall,-2.66,32.33,1019.13,246.98,3
Fall,-2.37,26.27,1019.62,197.87,3
Fall,-1.93,23.97,1020.14,403.74,3
Fall,-1.53,22.77,1020.57,337.9,3
Fall,-1.43,24.64,1020.7,213,3
Fall,-1.22,25.06,1021.16,536.56,3
Fall,-1.01,27.22,1021.79,381.54,3
Fall,-0.82,28.04,1022.83,385,3
Fall,-1.48,23.18,1024.41,302.57,1
Fall,-3.77,21.7,1033.61,379.11,3
Fall,-3.66,19.3,1034.14,350.99,3
Fall,-3.42,17.3,1034.42,367.67,3
Fall,-2.94,16.63,1034.7,336.96,3
Fall,-2.43,16.23,1034.7,343.37,3
Fall,-2.19,15.3,1034.57,409.04,3
Fall,-2.13,17.7,1034.77,357.53,3
Fall,-2.06,17.3,1035.4,354.65,3
Fall,-2.03,17.83,1035.62,361.41,3
Fall,-2.23,18.37,1035.81,360.6,3
Fall,-2.29,11.03,1036.18,328.48,3
Fall,-2.04,9.13,1036.44,283.14,3
Fall,1.93,16.9,1032.65,629.39,3
Fall,2.06,27.36,1032.63,547.29,3
Fall,1.88,25.73,1032.54,455.78,3
Fall,1.63,25.31,1032.44,450.9,3
Fall,1.43,24.37,1032.47,426.52,3
Fall,1.38,24.24,1032.53,387.85,3
Fall,1.42,19.57,1032.62,356.56,3
Fall,1.39,18.63,1032.51,397.42,3
Fall,1.36,18.9,1032.38,406.72,3
Fall,1.35,18.63,1032.61,420.81,3
Fall,1.15,17.17,1032.97,332.5,3
Fall,1.09,14.96,1033.11,322.68,3
